<project>
    <shortName>ACBrMonitor</shortName>
    <fullName>ACBr</fullName>
    <version>0.8.10b</version>
    <installerFilename>${product_shortname}-${product_version}-${platform_name}-installer.${platform_exec_suffix}</installerFilename>
    <licenseFile>./licenca.txt</licenseFile>
    <wrapLicenseFileText>1</wrapLicenseFileText>
    <leftImage></leftImage>
    <logoImage></logoImage>
    <splashImage></splashImage>
    <defaultLanguage>pt_BR</defaultLanguage>
    <allowLanguageSelection>0</allowLanguageSelection>
    <postInstallationScript>${installdir}/posinstall.sh</postInstallationScript>
    <postInstallationScriptArguments>${installdir}</postInstallationScriptArguments>
    <showPostInstallationScriptResult>0</showPostInstallationScriptResult>
    <preUninstallationScript>${installdir}/preuninstall.sh</preUninstallationScript>
    <preUninstallationScriptArguments>${installdir}</preUninstallationScriptArguments>
    <allowedLanguages></allowedLanguages>
    <cdromDirectory>${product_shortname}-${product_version}-cdrom</cdromDirectory>
    <cdromDiskSize>700000000</cdromDiskSize>
    <cdromFirstDiskSize>650000000</cdromFirstDiskSize>
    <defaultInstallationMode></defaultInstallationMode>
    <defaultUnixDirectoryPermissions>755</defaultUnixDirectoryPermissions>
    <defaultUnixFilePermissions>644</defaultUnixFilePermissions>
    <description>One-line description of your software</description>
    <outputDirectory>${installbuilder_install_root}/output</outputDirectory>
    <projectSchemaVersion>1.2</projectSchemaVersion>
    <requireInstallationByRootUser>1</requireInstallationByRootUser>
    <saveRelativePaths>0</saveRelativePaths>
    <slideShowLoop>1</slideShowLoop>
    <slideShowTiming>5</slideShowTiming>
    <startMenuGroupName>${product_fullname}</startMenuGroupName>
    <style>standard</style>
    <summary>Place here a detailed description of your software</summary>
    <uninstallerDirectory>${installdir}</uninstallerDirectory>
    <uninstallerName></uninstallerName>
    <validatorProgram></validatorProgram>
    <vendor>Name of your company</vendor>
    <componentList>
        <component>
            <name>default</name>
            <description>Default Component</description>
            <canBeEdited>1</canBeEdited>
            <detailedDescription></detailedDescription>
            <selected>1</selected>
            <show>1</show>
            <desktopShortcutList/>
            <folderList>
                <folder>
                    <description>Program Files</description>
                    <destination>${installdir}</destination>
                    <name>programfiles</name>
                    <platforms>all</platforms>
                    <shortcutList>
                        <shortcut>
                            <comment>Desinstala o programa ${product_fullname}. (Necessita previlegios de ROOT)</comment>
                            <exec>${installdir}/uninstall</exec>
                            <icon></icon>
                            <name>Remover ACBrMonitor</name>
                            <path>${installdir}</path>
                            <platforms>all</platforms>
                            <windowsExec>${installdir}/${uninstallerName}.exe</windowsExec>
                            <windowsExecArgs></windowsExecArgs>
                            <windowsIcon></windowsIcon>
                            <windowsPath>${installdir}</windowsPath>
                        </shortcut>
                    </shortcutList>
                </folder>
                <folder>
                    <description>Program Files</description>
                    <destination>${installdir}</destination>
                    <name>programfileslinux</name>
                    <platforms>linux</platforms>
                    <distributionFileList>
                        <distributionFile>
                            <origin>./ACBrMonitor</origin>
                        </distributionFile>
                        <distributionFile>
                            <origin>./QECFTeste</origin>
                        </distributionFile>
                        <distributionFile>
                            <origin>../Exemplos/TesteTXT.BAT</origin>
                        </distributionFile>
                        <distributionFile>
                            <origin>../Exemplos/Clipper_TXT_xHarbour_Socket.zip</origin>
                        </distributionFile>
                        <distributionFile>
                            <origin>../Exemplos/Cobol_TXT_Socket.zip</origin>
                        </distributionFile>
                        <distributionFile>
                            <origin>../Exemplos/Oracle.txt</origin>
                        </distributionFile>
                        <distributionFile>
                            <origin>../Exemplos/php_socket.zip</origin>
                        </distributionFile>
                        <distributionFile>
                            <origin>/usr/local/kylix3/bin/libborqt-6.9.0-qt2.3.so</origin>
                        </distributionFile>
                        <distributionFile>
                            <origin>./posinstall.sh</origin>
                        </distributionFile>
                        <distributionFile>
                            <origin>./ACBrMonitor.ico</origin>
                        </distributionFile>
                        <distributionFile>
                            <origin>./ECFTeste.ico</origin>
                        </distributionFile>
                        <distributionFile>
                            <origin>./preuninstall.sh</origin>
                        </distributionFile>
                        <distributionFile>
                            <origin>./ACBrMonitor-change-log.txt</origin>
                        </distributionFile>
                        <distributionFile>
                            <origin>./leia-me.txt</origin>
                        </distributionFile>
                        <distributionFile>
                            <origin>./ACBrMonitor.chm</origin>
                        </distributionFile>
                        <distributionFile>
                            <origin>./ACBrMonitorConsole</origin>
                        </distributionFile>
                    </distributionFileList>
                    <shortcutList>
                        <shortcut>
                            <comment>ACBrMonitor  - http://acbr.sf.net</comment>
                            <exec>${installdir}/ACBrMonitor</exec>
                            <icon>${installdir}/ACBrMonitor.ico</icon>
                            <name>ACBrMonitor</name>
                            <path>${installdir}</path>
                            <platforms>linux</platforms>
                            <windowsExec></windowsExec>
                            <windowsExecArgs></windowsExecArgs>
                            <windowsIcon></windowsIcon>
                            <windowsPath></windowsPath>
                        </shortcut>
                        <shortcut>
                            <comment>Programa para Configurar / Testar  ECFs</comment>
                            <exec>${installdir}/QECFTeste</exec>
                            <icon>${installdir}/ECFTeste.ico</icon>
                            <name>ECFTeste</name>
                            <path>${installdir}/</path>
                            <platforms>linux</platforms>
                            <windowsExec></windowsExec>
                            <windowsExecArgs></windowsExecArgs>
                            <windowsIcon></windowsIcon>
                            <windowsPath></windowsPath>
                        </shortcut>
                    </shortcutList>
                </folder>
            </folderList>
            <postInstallationActionList/>
            <startMenuShortcutList>
                <startMenuShortcut>
                    <comment>Uninstall ${product_fullname}</comment>
                    <name>Uninstall ${product_fullname}</name>
                    <windowsExec>${installdir}/uninstall.exe</windowsExec>
                    <windowsExecArgs></windowsExecArgs>
                    <windowsIcon></windowsIcon>
                    <windowsPath>${installdir}/</windowsPath>
                </startMenuShortcut>
            </startMenuShortcutList>
        </component>
    </componentList>
    <customLanguageFileList/>
    <fileList/>
    <finalPageActionList/>
    <parameterList>
        <directoryParameter>
            <name>installdir</name>
            <title></title>
            <description>Installer.Parameter.installdir.description</description>
            <explanation>Installer.Parameter.installdir.explanation</explanation>
            <value>${platform_install_prefix}/${product_shortname}</value>
            <default>${platform_install_prefix}/${product_shortname}-${product_version}</default>
            <allowEmptyValue>0</allowEmptyValue>
            <ask>yes</ask>
            <cliOptionName>prefix</cliOptionName>
            <leftImage></leftImage>
            <mustBeWritable>yes</mustBeWritable>
            <mustExist>0</mustExist>
            <width>30</width>
        </directoryParameter>
    </parameterList>
    <platformOptionsList/>
    <postInstallationActionList/>
    <preBuildActionList/>
    <preInstallationActionList/>
    <preUninstallationActionList/>
    <slideShowImageList/>
</project>

